{"minzoom":0,"maxzoom":8,"center":[90.703125,27.681753,8.0],"bounds":[88.746117,26.700617,92.124802,28.247637]}