{"minzoom":0,"maxzoom":9,"center":[89.648437,27.371327,9.0],"bounds":[88.746117,26.700617,92.124802,28.247637]}